{
  "version": 1,
  "author": "Uri Shaked",
  "editor": "wokwi",
  "parts": [
    { "type": "wokwi-esp32-devkit-v1", "id": "esp", "top": -33.7, "left": -101, "attrs": {} },
    {
      "type": "wokwi-dht22",
      "id": "dht1",
      "top": -47.7,
      "left": -207,
      "attrs": { "temperature": "42", "humidity": "34.5" }
    },
    {
      "type": "board-ssd1306",
      "id": "oled1",
      "top": 204.74,
      "left": -153.37,
      "attrs": { "i2cAddress": "0x3c" }
    },
    { "type": "wokwi-led", "id": "led1", "top": 6, "left": 61.4, "attrs": { "color": "red" } }
  ],
  "connections": [
    [ "esp:TX0", "$serialMonitor:RX", "", [] ],
    [ "esp:RX0", "$serialMonitor:TX", "", [] ],
    [ "esp:D13", "dht1:SDA", "green", [ "h-86.4", "v-38.6" ] ],
    [ "esp:GND.2", "dht1:GND", "black", [ "h0" ] ],
    [ "esp:GND.2", "oled1:GND", "black", [ "h0" ] ],
    [ "esp:VIN", "dht1:VCC", "red", [ "h0" ] ],
    [ "esp:VIN", "oled1:VCC", "red", [ "h0" ] ],
    [ "esp:GND.1", "led1:C", "black", [ "h0" ] ],
    [ "esp:D2", "led1:A", "red", [ "h0" ] ],
    [ "esp:D4", "oled1:SCL", "purple", [ "h43.07", "v90.38", "h-153.9" ] ],
    [ "esp:D5", "oled1:SDA", "blue", [ "h52.67", "v128.68", "h-144.07" ] ]
  ],
  "dependencies": {}
}